index,prediction
45,0.8579904
46,0.10360752
47,0.86745524
48,0.2047278
49,0.12874566
50,0.091035925
51,0.5246754
52,0.08687191
53,0.09368502
54,0.08308354
55,0.9305667
56,0.9423267
57,0.19983162
58,0.8658591
59,0.24724562
60,0.32526582
61,0.85628474
62,0.7640766
63,0.20186871
64,0.87349623
65,0.14494573
66,0.85459507
67,0.07279667
68,0.0979275
69,0.106417924
70,0.8766438
71,0.907473
72,0.8462414
73,0.08578341
74,0.09939013
75,0.086916514
76,0.70903414
77,0.07927697
78,0.8634063
79,0.090931445
80,0.092483126
81,0.2066804
82,0.07458015
83,0.34274942
84,0.095523395
85,0.09305021
86,0.1504245
87,0.917064
88,0.33215418
89,0.9189545
90,0.24762878
91,0.087367624
92,0.11212202
93,0.07058502
94,0.6160886
95,0.09488203
96,0.35970518
97,0.09432574
98,0.08811954
99,0.0726921
100,0.072989
101,0.08584881
102,0.09583464
103,0.09420719
104,0.40484518
105,0.8559725
106,0.42292342
107,0.8413182
108,0.087218635
109,0.2266815
110,0.21271922
111,0.8279304
112,0.20831786
113,0.100489385
114,0.88461506
115,0.89821035
116,0.93424726
117,0.73248935
118,0.91741276
119,0.07744299
120,0.0844484
121,0.08108512
122,0.08392677
123,0.078138605
124,0.08859962
125,0.07747633
126,0.12861799
127,0.8349866
128,0.07629773
129,0.123857155
130,0.8861203
131,0.08345947
132,0.1027266
133,0.090878054
134,0.23447853
135,0.076529406
136,0.09660147
137,0.2805979
138,0.10387424
139,0.40289813
140,0.8625493
141,0.23778823
142,0.09705011
143,0.07999479
144,0.17702371
145,0.07934684
146,0.27094278
147,0.70507586
148,0.102633364
149,0.073902294
150,0.10669693
151,0.085092574
152,0.37647563
153,0.08532158
154,0.14578392
155,0.27320522
156,0.9151189
157,0.10455652
158,0.8893485
159,0.8605931
160,0.09202542
161,0.09872175
162,0.8803119
163,0.07989427
164,0.13444045
165,0.108389914
166,0.6871683
167,0.4113742
168,0.1076392
169,0.1688358
170,0.89506936
171,0.8798797
172,0.83946246
173,0.09265173
174,0.5718868
175,0.84802306
176,0.9000037
177,0.8757321
178,0.1122077
179,0.8746061
180,0.07485018
181,0.91660875
182,0.7459903
183,0.17252187
184,0.20749214
185,0.16299988
186,0.8085617
187,0.11150355
188,0.108439185
189,0.07842038
190,0.15689601
191,0.12595242
192,0.107705526
193,0.7027751
194,0.85247517
195,0.8725239
196,0.4528466
197,0.2596019
198,0.90114003
199,0.18779254
200,0.47605163
201,0.0802114
202,0.8637663
203,0.16779336
204,0.10593682
205,0.09190971
206,0.111594744
207,0.109050125
208,0.08741951
209,0.10239406
210,0.10524454
211,0.8807351
212,0.8689278
213,0.7058306
214,0.631444
215,0.17484277
216,0.2813735
217,0.89160913
218,0.15070453
219,0.49655777
220,0.7542044
221,0.8442258
222,0.87612766
223,0.09624759
224,0.8544505
225,0.14606157
226,0.87987685
227,0.41006237
228,0.25273553
229,0.6660781
230,0.24221314
231,0.8570193
232,0.7195525
233,0.8985168
234,0.8131742
235,0.31390905
236,0.86250913
237,0.90813506
238,0.36026862
239,0.9161415
240,0.85781485
241,0.828812
242,0.29004526
243,0.34929088
244,0.8519224
245,0.10839966
246,0.09229579
247,0.86914927
248,0.8676914
249,0.90475965
250,0.11656222
251,0.8724154
252,0.90435493
253,0.13544986
254,0.067877755
255,0.82466465
256,0.87853414
257,0.19544715
258,0.89822555
259,0.70268005
260,0.6935188
261,0.8884507
262,0.21571985
263,0.8830975
264,0.6691245
265,0.20645618
266,0.66843843
267,0.8560234
268,0.19199713
269,0.86904365
270,0.11861429
271,0.13605173
272,0.6072563
273,0.60953003
274,0.73898315
275,0.0850018
276,0.8601033
277,0.8847944
278,0.10817406
279,0.8643602
280,0.86821026
281,0.62757254
282,0.8832257
283,0.717021
284,0.108383186
285,0.16651754
286,0.86054534
287,0.06604705
288,0.18485223
289,0.72820413
290,0.109204255
291,0.22286731
292,0.09921435
293,0.83334935
294,0.4732096
295,0.10527688
296,0.08343697
297,0.8873518
298,0.72596943
299,0.8857102
300,0.17179297
301,0.25844607
302,0.14137523
303,0.15519044
304,0.1266447
305,0.1697007
306,0.16634396
307,0.19446415
308,0.17978616
309,0.13542753
310,0.12681974
311,0.16572201
312,0.16968714
313,0.19096245
314,0.14266928
315,0.16820997
316,0.18881564
317,0.1681966
318,0.1435364
319,0.17225891
320,0.15907961
321,0.19717668
322,0.14961557
323,0.15909135
324,0.1668777
325,0.13625538
326,0.16708162
327,0.1775025
328,0.16591777
329,0.20445254
330,0.14909622
331,0.13297339
332,0.17332026
333,0.19800583
334,0.17297651
335,0.17579989
336,0.17662376
337,0.22146428
338,0.1638966
339,0.16038103
340,0.2830065
341,0.18485583
342,0.20817134
343,0.22123438
344,0.1719929
345,0.14671324
346,0.16885032
347,0.12746893
348,0.14531103
349,0.19454516
350,0.14704959
351,0.12090195
352,0.14002965
353,0.17268811
354,0.18728425
355,0.17484987
356,0.13644078
357,0.1367377
358,0.2049484
359,0.2418038
360,0.14068943
361,0.19706945
362,0.17734925
363,0.25463882
364,0.2818752
365,0.342129
366,0.24814476
367,0.19431332
368,0.1625659
369,0.20663288
370,0.3479695
371,0.20111726
372,0.1929774
373,0.38983995
374,0.17694698
375,0.16088845
376,0.18638925
377,0.15325537
378,0.17031227
379,0.16478421
380,0.22901148
381,0.20909049
382,0.17321827
383,0.21253112
384,0.20501254
385,0.18701075
386,0.27591398
387,0.27437577
388,0.17768408
389,0.15642929
390,0.18957412
391,0.20709547
392,0.17780484
393,0.24086314
394,0.20429873
395,0.15626697
396,0.2643596
397,0.13170846
398,0.15172744
399,0.28111812
400,0.16027455
401,0.19724306
402,0.18184496
403,0.18646155
404,0.18817453
405,0.1744102
406,0.19569077
407,0.23147516
408,0.19801462
409,0.21549995
410,0.15552008
411,0.116507135
412,0.15376867
413,0.2005822
414,0.15323089
415,0.17447148
416,0.18982768
417,0.25430533
418,0.23122181
419,0.17583375
420,0.16103126
421,0.17809936
422,0.1289119
423,0.12193204
424,0.20381951
425,0.1646007
426,0.164525
427,0.16419494
428,0.16642968
429,0.19617966
430,0.15363885
431,0.17825583
432,0.19080745
433,0.22553226
434,0.15685695
435,0.20186657
436,0.18226343
437,0.15438838
438,0.17923748
439,0.30229902
440,0.14289384
441,0.16429509
442,0.170959
443,0.183872
444,0.20545743
445,0.15369216
446,0.1948251
447,0.30410147
448,0.22436316
449,0.24399051
450,0.17856124
451,0.1658565
452,0.17857867
453,0.14915241
454,0.13425392
455,0.21501306
456,0.2513849
457,0.19248958
458,0.16612533
459,0.28448656
460,0.14916636
461,0.16360661
462,0.13929817
463,0.18407418
464,0.2173468
465,0.16573054
466,0.21158518
467,0.15080953
468,0.16885456
469,0.18229498
470,0.19244842
471,0.15158474
472,0.19131601
473,0.20161091
474,0.11229446
475,0.20051582
476,0.17842856
477,0.10781007
478,0.120404966
479,0.17295924
480,0.15329178
481,0.19273005
482,0.15835522
483,0.17491227
484,0.15580477
485,0.18235306
486,0.20905001
487,0.11749312
488,0.15273221
489,0.1270057
490,0.11506506
491,0.29270792
492,0.23963574
493,0.15164778
494,0.15550804
495,0.16660488
496,0.2574589
497,0.18638775
498,0.21827771
499,0.28980103
500,0.15287076
501,0.16202408
502,0.20102312
503,0.24288897
504,0.1992667
505,0.18391775
506,0.18591627
507,0.26589885
508,0.31362522
509,0.36694768
510,0.14683728
511,0.16744839
512,0.17138013
513,0.17239994
514,0.1548001
515,0.19207364
516,0.22947837
517,0.19811985
518,0.17382757
519,0.16190678
520,0.18206395
521,0.23068692
522,0.17245488
523,0.12736322
524,0.18418062
525,0.2056145
526,0.16422851
527,0.16757077
528,0.39847606
529,0.19128583
530,0.22960931
531,0.14008774
532,0.12599851
533,0.12959959
534,0.18017726
535,0.12725219
536,0.1943127
537,0.15801658
538,0.13389774
539,0.12555827
540,0.22154832
541,0.14684501
542,0.113907605
543,0.22522767
544,0.1868666
545,0.21808283
546,0.22437644
547,0.14482287
548,0.13966438
549,0.15654607
550,0.1422447
551,0.18807857
552,0.15474021
553,0.1302016
554,0.1371447
555,0.14976548
556,0.20227237
557,0.15529281
558,0.12405972
559,0.16974121
560,0.16722329
561,0.12279619
562,0.22409174
563,0.13453095
564,0.14727983
565,0.16103803
566,0.16039282
567,0.13868526
568,0.11105662
569,0.18396442
570,0.116657116
571,0.12539956
572,0.13489448
573,0.1420508
574,0.16496505
575,0.1395247
576,0.20789167
577,0.1435801
578,0.1345296
579,0.17871675
580,0.23596826
581,0.17668864
582,0.16811702
583,0.2019286
584,0.17268579
585,0.17763634
586,0.37334684
587,0.16997582
588,0.32257503
589,0.29327962
590,0.2648009
591,0.24500565
592,0.17775555
593,0.15114036
594,0.16315034
595,0.13780433
596,0.15689929
597,0.16506012
598,0.1848545
599,0.14307219
600,0.2161147
601,0.16784829
602,0.18632042
603,0.15424478
604,0.14133659
605,0.17785084
606,0.19034334
607,0.1206101
608,0.19001527
609,0.20393257
610,0.15479158
611,0.18669572
612,0.22622521
613,0.2239786
614,0.21357217
615,0.20534603
616,0.22668031
617,0.19569805
618,0.21775602
619,0.12787
620,0.13027647
621,0.17888522
622,0.21552333
623,0.16452505
624,0.3364369
625,0.26625794
626,0.13402876
627,0.28734976
628,0.16253413
629,0.1535699
630,0.17643149
631,0.17993619
632,0.18418863
633,0.21015751
634,0.2860242
635,0.15475856
636,0.23590498
637,0.1515261
638,0.18881987
639,0.21173812
640,0.18039207
641,0.18694535
642,0.17409104
643,0.196741
644,0.21342824
645,0.26340672
646,0.15841806
647,0.19030565
648,0.20256276
649,0.20652328
650,0.15158069
651,0.13388869
652,0.16348793
653,0.18495934
654,0.19224088
655,0.21883452
656,0.18861224
657,0.18845014
658,0.17057215
659,0.20692031
660,0.17753436
661,0.16474505
662,0.17787185
663,0.19548684
664,0.17672886
665,0.21611317
666,0.20105112
667,0.2477157
668,0.17506406
669,0.21555954
670,0.16551542
671,0.19010472
672,0.2113971
673,0.209906
674,0.16825987
675,0.22090864
676,0.17427652
677,0.17029916
678,0.24854033
679,0.18383802
680,0.17321783
681,0.14063582
682,0.18735448
683,0.21159825
684,0.20814763
685,0.29005623
686,0.18041615
687,0.17486905
688,0.17156242
689,0.16989952
690,0.1839282
691,0.16570441
692,0.16076253
693,0.2066953
694,0.24816689
695,0.19134791
696,0.19140902
697,0.1624333
698,0.147426
699,0.2113432
700,0.2518014
701,0.15588363
702,0.1699944
703,0.21939151
704,0.1873335
705,0.17430548
706,0.14250502
707,0.18788296
708,0.21282151
709,0.18722215
710,0.21060196
711,0.21540476
712,0.23804179
713,0.15670821
714,0.17879242
715,0.20234601
716,0.19603
717,0.17576285
718,0.20012699
719,0.18286404
720,0.15852319
721,0.15605062
722,0.16237041
723,0.27023605
724,0.2003371
725,0.1971335
726,0.21018347
727,0.18331552
728,0.19414742
729,0.24535388
730,0.21314384
731,0.18889242
732,0.14956844
733,0.22752582
734,0.14604494
735,0.14844316
736,0.15454392
737,0.17138682
738,0.16855268
739,0.19026545
740,0.23435202
741,0.16914552
742,0.17710607
743,0.18274732
744,0.2001697
745,0.22720473
746,0.16969419
747,0.20382795
748,0.19187729
749,0.18149616
750,0.1749203
751,0.24335682
752,0.2495444
753,0.18230511
754,0.22825472
755,0.21485397
756,0.27483737
757,0.25280362
758,0.34375495
759,0.20653547
760,0.20793301
761,0.18892087
762,0.1993546
763,0.20807114
764,0.24563158
765,0.18139632
766,0.22013159
767,0.22176081
768,0.14889543
769,0.23451805
770,0.2999175
771,0.21688092
772,0.46097517
773,0.18076581
774,0.16947983
775,0.1672379
776,0.28873125
777,0.12862757
778,0.17284757
779,0.3265701
780,0.17378068
781,0.23968408
782,0.20226699
783,0.28482312
784,0.2582051
785,0.27555153
786,0.22483903
787,0.17225951
788,0.21531545
789,0.20962971
790,0.18428157
791,0.24862194
792,0.19307542
793,0.17687714
794,0.16355175
795,0.18053104
796,0.31576
797,0.28741094
798,0.23212504
799,0.23194076
800,0.28706738
801,0.23457476
802,0.29301825
803,0.25151235
804,0.18834895
805,0.1446436
806,0.17215413
807,0.17895941
808,0.23043746
809,0.18985455
810,0.19388616
811,0.25364503
812,0.1920189
813,0.18415403
814,0.20370384
815,0.26893693
816,0.2694084
817,0.1677941
818,0.16313337
819,0.19155303
820,0.25361034
821,0.18192989
822,0.23277164
823,0.20880784
824,0.18443827
825,0.18600598
826,0.1890419
827,0.20349303
828,0.22214977
829,0.21445148
830,0.2165522
831,0.19812493
832,0.221705
833,0.22539346
834,0.15763462
835,0.21307583
836,0.16527684
837,0.16007704
838,0.1813521
839,0.23928106
840,0.25655252
841,0.25458333
842,0.15556042
843,0.19310398
844,0.20076716
845,0.17843008
846,0.16622502
847,0.23311298
848,0.21394761
849,0.18856908
850,0.19915624
851,0.20151685
852,0.1965383
853,0.23944364
854,0.21295169
855,0.23292257
856,0.19496809
857,0.18820834
858,0.18162666
859,0.31223834
860,0.1977899
861,0.39455152
862,0.22043414
863,0.20867051
864,0.21314192
865,0.26123586
866,0.19291505
867,0.21218741
868,0.21340215
869,0.23466252
870,0.24836162
871,0.17843822
872,0.19585715
873,0.35215345
874,0.24590625
875,0.19902827
876,0.25610176
877,0.15994671
878,0.25288278
879,0.26366317
880,0.20590971
881,0.19190161
882,0.18784592
883,0.20339556
884,0.20608957
885,0.20137785
886,0.20673206
887,0.20698568
888,0.2314399
889,0.22676314
890,0.21869189
891,0.26171815
892,0.22799644
893,0.19556919
894,0.24354081
895,0.15747607
896,0.25612566
897,0.18247357
898,0.20655313
899,0.17013133
900,0.1885461
901,0.20367342
902,0.23786953
903,0.2553257
904,0.17808437
905,0.20790252
906,0.14596708
907,0.22334483
908,0.21251538
909,0.20726348
910,0.20245686
911,0.26090693
912,0.16046618
913,0.2529194
914,0.25056794
915,0.3285289
916,0.19348848
917,0.2041743
918,0.19019537
919,0.17368537
920,0.22187184
921,0.19585827
922,0.26953435
923,0.3307413
924,0.24410707
925,0.24829328
926,0.21198787
927,0.19895145
928,0.23302384
929,0.22611043
930,0.24680905
931,0.21152902
932,0.25537664
933,0.24085146
934,0.34413892
935,0.1573886
936,0.19541484
937,0.16854696
938,0.20467864
939,0.23158409
940,0.20078924
941,0.21456595
942,0.30131322
943,0.24213172
944,0.22862989
945,0.19115657
946,0.18738486
947,0.2556611
948,0.19981177
949,0.24438947
950,0.19524626
951,0.2939849
952,0.3000472
953,0.26313287
954,0.2261105
955,0.33731645
956,0.22278908
957,0.21083131
958,0.33080593
959,0.20594417
960,0.23722799
961,0.2562274
962,0.19900626
963,0.2549115
964,0.2641449
965,0.21839514
966,0.34044975
967,0.2919186
968,0.22155504
969,0.16515043
970,0.20328848
971,0.27595437
972,0.19470672
973,0.20285583
974,0.27093866
975,0.24211682
976,0.27172983
977,0.2936607
