PDB ID,Subsequence,Binary Epitope
5VX4,VENSSDKWKFFEMFKGSSQSDFSNRRTLTSNNRLVGMLKYGGRVWTFHGETPRATTDSSNTADLNNISIIIHSEFYIIPRSQESKCNEYINNGLGSILDGPYQPTTFKPPNDYWLLISSNTDGVVYESTNNSDFWTAVIAVEPHVSQTNRQYVLFGENKQFNVENSSDKWKFFEMFKGSSQSDFSNRRTLTSNNRLVGMLKYGGRVWTFHGETPRATTDSSNTADLNNISIIIHS,0000010000000000000000000010111100100000000000000000001111000000000000000000011110100000000000000000000000000000000000000000100101110000000000000000000000000000000000000000000000000000000000000000000000000000000000000000000000000000000
5F4J,KPFSLPILTISELTNSRFPAPIDSLFTAQNNNLNVQCQNGRCTLDGELQGTTQLLPSGICAFRGRLTADVDGSHDDRWHMQLTNLNGTPFDPTEDVPAPLGTPDFTGLLFGVASQRNVGSNPNTTRAHEAVISTTSSQFVPKLGSVNFGSTSTDFQLQQPTKFTPVGIKIESGHEFDQWALPRYSGHLTLNMNLAPPIAPNFPGEQLLFFRSNVPCAGGVSDGVIDCLLPQEWIQ,0000010100000001110100000000000000000000000000000111110111111000000000000000000000000000000000000000000000000000000000000000000000000000000000000000000000000000000000000000000000000000000000000000000000000000000000000000000000000000000
4E9O,ESKPTTIQNTGKLVRINFKGGYISGGFLPNEYVLSSLHIYWGKEDDYGSNHLIDVYKYSGEINLVHWNKKKYSSYEEAKKHDDGLIIISIFLQVLDHKNVYFQKIVNQLDSIRSANTSAPFDSVFYLDNLLPSKLDYFTYLGTTINHSADAVWIIFPTPINIHSDQLSKFRTLLSLSNHEGKPHYITENYRNPYKLNDDTEVYYSGEIIRAATTSPARENYFMRWLSDLRETLEH,0000011010100001010000000000000000011000000000000000000000000000000000000001100100000000000000000000000000000000011111100000000000000000000000000010000000000000000000000000001100000000000000000000000000000000000000000000000000000000000
6H3S,EWSHPQFEKGGQETSINCKNIQSTQLTIEHLSKCMAFYQNKTSSPVVINEIISDASVDEQELIKSLNLNCNVIDRFISESSVIETQVYYEYIKSQLCPLQVHDIFTINSASNIQWKALARSFTLGVCNTNPHKHICRCLESMQMCTSTKTDHAREMSIYYDGHPDRFEHDMKIILNIMRYIVPGLGRVLLDQIKQTKDYQALRHIQGKLSPKSQSNLQLKGFLEFVDFILGANVT,0000010010001111110001100100000000000000001110111011000000000000000000000000000000000000000000000000000000000000000000000000000000000000000000000000000000000000000000000000000000000000000000000000000000000000000000000000000000000000000
1OQE,"DCLQLIADSETPTIQKGSYTFVPWLLSFKRGSALEEKENKILVKETGYFFIYGQVLYTDKTYAMGHLIQRKKVHVFGDELSLVTLFRCIQNMPETLPNNSCYSAGIAKLEEGDELQLAIPRENAQISLDGDVTFFGALKLL>1OQE_2|Chains K, L, M, N, O, P, Q, R|Tumor necrosis factor receptor superfamily member 13C|Ho",0000011101110101111111000000000000000000000000000000000000000000000000000000000000000000000000000000000000000000000000000000000000000000000000000000000000000000000000000000000000000000000000000000000000000000000000000000000000000000000
2J0O,SSQISMDVNKSAQLLDILSRHEYPINKDARELLHSAPKEAELDGDQMISHRELWAKIANSINDINEQYLKVYEHAVSSYTQMYQDFSAVLSSLAGWISPGGNDGNSVKLQVNSLKKALEELKEKYKDKPLYPANNTVSQEQANKWLTELGGTIGKVSQKNGGYVVSINMTPIDNMLKSLDNLGGNGEVVLDNAKYQAWNAGFSAEDETMKNNLQTLVQKYSNANSIFDNLVKVLS,0000010000000000000010011011001000100000000000000000000100000000010001101100110011000000000000010011001101101110000000000000000100110011011000100000011110000000000000000000000000000000000000000000000000000000000000000000000000000000000
1EPW,PLMYNKEYYMFNAGNKNSYIKLKKDSPVGEILTRSKYNQNSKYINYRDLYIGEKFIIRRKSNSQSINDDIVRKEDYIYLDFFNLNQEWRVYTYKYFKKEEEKLFLAPISDSDEFYNTIQIKEYDEQPTYSCQLLFKKDEESTDEIGLIGIHRFYESGIVFEEYKDYFCISKWYLKEVKRKPYNLKLGCNWQFIPKDEGWTEPVTINNFNYNDPIDNNNIIMMEPPFARGTGRYYK,0000010100000000000000000000000000000000000000000000001000100000000000000000000000101111000000000000000000011110000000000000000000000000000000000000000000000000000000000000000000000000000000000000000000000000000000000000000000000000000
3BIK,"EYGSNMTIECKFPVEKQLDLAALIVYWEMEDKNIIQFVHGEEDLKVQHSSYRQRARLLKDQLSLGNAALQITDVKLQDAGVYRCMISYGGADYKRITVKVNAPYNKINQRILVVDPVTSEHELTCQAEGYPKAEVIWTSSDHQVLSGKTTTTNSKREEKLFNVTSTLRINTTTNEIFYCTFRRLDPEENHTAELVIPELPLAHPPNERT>3BIK_2|Chains B, C|Progra",0000011000000000000000000000000000001011010101111110010110000000000000000000000000000000000000000011101011111100100000000000000000000000000000000000000000000000000000000000000000000000000000000000000000000000000000000000000000000000000
6ACC,YSVLYNSTFFSTFKCYGVSATKLNDLCFSNVYADSFVVKGDDVRQIAPGQTGVIADYNYKLPDDFMGCVLAWNTRNIDATSTGNYNYKYRYLRHGKLRPFERDISNVPFSPDGKPCTPPALNCYWPLNDYGFYTTTGIGYQPYRVVVLSFELLNAPATVCGPKLSTDLIKNQCVNFNFNGLTGTGVLTPSSKRFQPFQQFGRDVSDFTDSVRDPKTSEILDISPCSFGGVSVITP,0000011110111111000011000000000000000000100010000000000000000000000000000100000000000000000000000000000000000000000000000000000000000000001000010000000000000000000000000000000000000000000000000000000000000000000000000000000000000000000
1Z92,APTSSSTKKTQLQLEHLLLDLQMILNGINNYKNPKLTRMLTFKFYMPKKATELKHLQCLEEELKPLEEVLNLAQSKNFHLRPRDLISNINVIVLELKGSETTFMCEYADETATIVEFLNRWITFCQSIISTLT>1Z92_2|Chain B|Interleukin-2 receptor alpha chain|Homo sapiens (9606)DPELCDDDPPEIPHATFKAMAYKEGTMLNCEC,0110111000000000000000000101000000000000001100000000000000000000000000000000000000000000000000000000000000000000000000101000000000000000000000000000010011100000000000000000000000000000000000000000000000000000000000000000000000000000000
3Q5Y,RHIIKEKGGRSVLTCIPISGHSNVVWYQQTLGKELKFLIQHYEKVERDKGFLPSRFSVQQFDDYHSEMNMSALELEDSAMYFCASSLRWGDEQYFGPGTRLTVLEDLRNVTPPKVSLFEPSKAEIANKQKATLVCLARGFFPDHVELSWWVNGKEVHSGVSTDPQAYKESNYSYSLSSRLRVSATFWHNPRNHFRCQVQFHGLSEEDKWPEGSPKPVTQNISAEAWGRADSMDSG,0000010000000000000000000000000000000000000000000000000000000000000000000000000000000000000000000000000000000101101000000000000000000000000000000000000000000000000000000000000000000000000000000000000000000000000000111111110000000000000
1DHK,ENVVVTNPSRPWWERYQPVSYKLCTRSGNENEFRDMVTRCNNVGVRIYVDAVINHMCGSGAAAGTGTTCGSYCNPGSREFPAVPYSAWDFNDGKCKTASGGIESYNDPYQVRDCQLVGLLDLALEKDYVRSMIADYLNKLIDIGVAGFRIDASKHMWPGDIKAVLDKLHNLNTNWFPAGSRPFIFQEVIDLGGEAIQSSEYFGNGRVTEFKYGAKLGTVVRKWSGEKMSYLKNWG,0000011110001100010000000000000000000000000000000000000000101100000000000000000000000000000000000011011101000000000001110000000000000000000000000000000000000000000000000000000000000000000000000010000000000000000000000000000000000000000
6EY5,SVDVGDYRVNSITAQVIPQSQIVMSGDTYKANIVLSSVDTTQRPDVFVNGKLLSPENMGLFTATAGAPGTYPVKGYIEMMGNDGVKIRRDFESEYFVTEPMASVAPTMMNVLYAGIDNPINIAVPGVAQQNVSATINNGTLTRRGNLWIARPTKVGSEAIISVTAQSGGRTIQMAKTTLRVRALPDPLPYIEYKDVQGNTKRFKGGRLGKREILAAGGIKAALDDDLLEVNYTVV,0000010000000000000000000000000000001011100000000000001111000000000000001110000000000110100000000000000000000000000000000000000001010000011111000100001000000000000000000000000000000000000000000000000000000000000000000000000000000000000
6FNZ,"KDFVRPKLVTIIRSGVKPRKAVRVLLNKKTAHSFEQVLTDITEAIKLETGVVKKLYTLDGKQVTCLHDFFGDDDVFIACGP>6FNZ_2|Chains E, F, G|possible peptide|unidentified (32644)PESSEG",0000011101000000000000011111100110000100010011010000000000000000000000000000000000000000000000000000000000000000000000000000000000000000000000000000000000000000000000000000000000000000000000000000000000000000000000000000000000000000000
2KBH,YIADDRNCPYFCGRNAYCDGECKKNRAESGYCQWASKYGNACWCYKLPDDARIMKPGRCNGGVKDGYIADDRNCPYFCGRNAYCDGECKKNRAESGYCQWASKYGNACWCYKLPDDARIMKPGRCNGG,0000011111010000000000000000000000000111000000000000100111111000000000000000000000000000000000000000000000000000000000000000000000000000000000000000000000000000000000000000000000000000000000000000000000000000000000000000000000000000000
4WE2,GTGLNGFGNVLNDLTNGGTKLTITVTGNKPILLGRTKEAFATPVSGGVDGIPQIAFTDYEGASVKLRNTDGETNKGLAYFVLPMKNAEGTKVGSVKVNASYAGVFGKGGVTSADGELFSLFADGSRAIFYGGLTTTVSGAALTSGSAAAARTELFGSLSRNDILGQIQRVNANITSLVDVAGSYREDMEYTDGTVVSAAYALGIANGQTIEATFNQAVTTSTQWSAPLNVAITYY,0000011111100011000000000000000001111110010100000000000000000000000000000000000000000000000000000000000000000000000000000000000000000000000000000000000000000000011111010010000000000000000000000000000000000000000000000000000000000000000
4NFG,MKTLVHVASVEKGRSYEDFQKVYNAIALKLREDDEYDNYIGYGPVLVRLAWHTSGTWDKHDNTGGSYGGTYRFKKEFNDPSNAGLQNGFKFLEPIHKEFPWISSGDLFSLGGVTAVQEMQGPKIPWRAGRVDTPEDTTPDNGRLPDADKDADYVRTFFQRLNMNDREVVALMGAHALGKTHLKNSGYEGPWGAANNVFTNEFYLNLLNEDWKLEKNDANNEQWDSKSGYMMLPTD,0100000000000000000000000000000000001100000000000000000000101111010000000000000000000000000010001001100110000000000000000000000000000000000000000000000000000000000000000000000000000000000000000000000000000000000000000000000000000000000
1DQT,CEYSPSHNTDEVRVTVLRQTNDQMTEVCATTFTEKNTVGFLDYPFCSGTFNESRVNLTIQGLRAVDTGLYLCKVELMYPPPYFVGMGNGTQIYVIDPIQVTQPSVVLASSHGVASFPCEYSPSHNTDEVRVTVLRQTNDQMTEVCATTFTEKNTVGFLDYPFCSGTFNESRVNLTIQGLRAVDTGLYLCKVELMYPPPYFVGMGNGTQIYVIDP,0000011111110000000000000000000001100000000000000010000000000000000000000000001111010000000000000000000000000000000000000000000000000000000000000000000000000000000000000000000000000000000000000000000000000000000000000000000000000000000
5J11,CLTEIQSLTFNPTAGCASLAKEMFAMKTKAALAIWCPGYSETQINATQAMKKVTTNKCLEQVSQLQGLWRRFNRPLLKQQ>5J11_3|Chain C|Cytokine receptor-like factor 2|Homo sapiens (9606)MGRLVLLWGAAVFLLGGWMALGQGGAAEGVQIQIIYFNLETVQVTWQASKYSRTNLTFHYRFNGDEAYDQCTNYLLQEGHTSGCLLDA,0000010110001011000000000000000000000111010100111001010000000000000000000000000000000000000000000000000000000000000000000000000000000000000000000000000000000000000000000000000000000000000000000000000000000000000000000000000000000000000
5URV,CQPISIPLCTDIAYNQTILPNLLGHTNQEDAGLEVHQFYPLVKVQCSPELRFFLCSMYAPVCTVLDQAIPPCRSLCERARQGCEALMNKFGFQWPERLRCENFPVHGAGEICVGQNTSDGGNSHHHHHHAGSQPYHGEKGISVPDHGFCQPISIPLCTDIAYNQTILPNLLGHTNQEDAGLEVHQFYPLVKVQCSPELRFFLCSMYAPVCTVLDQAIPPCRSLCERARQGCEALM,0000011000000000000000001000110111011111101000000000000000000000000000000000000000000111111110101000000000000000000000000000000000000000000000000000000000000000000000000000000000000000000000000000000000000000000000000000000000000000000
6TFB,TQDEAGLEVHQFWPLVEIQCSPDLKFFLCSMYTPICLEDYKKPLPPCRSVCERAKAGCAPLMRQYGFAWPDRMRCDRLPEQGNPDTLCMDYERGTLEVLFQGETGASAKELACQEITVPLCKGIGYEYTYMPNQFNHDTQDEAGLEVHQFWPLVEIQCSPDLKFFLCSMYTPICLEDYKKPLPPCRSVCERAKAGCAPLMRQYGFAWPDRMRCDRLPEQGNPDTLCMDYERGTLE,0000010000000000000000010000101110111111011000000000000000000000000000000000000000000010010100101000000000000000000000000000000000000000000000000000000000000000000000000000000000000000000000000000000000000000000000000000000000000000000
5W0E,MHHHHHHGSLVPRGSMDYKDDDDKENLYFQGSKKIFKPEELRQALMPTLEALYRQDPESLPFRQPVDPQLLGIPDYFDIVKNPMDLSTIKRKLDTGQYQEPWQYVDDVWLMFNNAWLYNRKTSRVYKFCSKLAEVFEQEIDPVMQSLG,0000011111101110000000000100111110100000000000000000000000000000000000000000000000000000000000000000000000000000000000000000000000000000000000000000000000000000000000000000000000000000000000000000000000000000000000000000000000000000000
4NZQ,WVLTAAHCLLYPPWDKNFTENDLLVRIGKHSRTRYERNIEKISMLEKIYIHPRYNWRENLDRDIALMKLKKPVAFSDYIHPVCLPDRETAASLLQAGYKGRVTGWGNLKETWTANVGKGQPSVLQVVNLPIVERPVCKDSTRIRITDNMFCAGYKPDEGKRGDACEGDSGGPFVMKSPFNNRWYQMGIVSWGEGCDRDGKYGFYTHVFRLKKWIQKVIDQFGEANTFLEEVRKGN,0000010011111000000000000000000000000000000000101000001111010000100000000000000000000000000000000000000000000000000000000000000000000000000000000000000000000000000000000000000000000000000000000000000000000000000000000000000000000000000
5NGI,PRVKGQVSVVSKAQLSLSEVYQLFLSVMSTHGFTVVAQGDQARIVPNAEAKTEAGGGQSAPDRLETRVIQVQQSPVSELIPLIRPLVPQYGHLAAVPSANALIISDRSANIARIEDVIRQLDQKGSHDYSVINLRYGWVMDAAEVLNNAMSRGQAKGAAGAQVIADARTNRLIILGPPQARAKLVQLAQSLDTPTENSGGNAFVPAGNQQEAHWTINLKDADIREFIDQISEITG,0000011111110000001000100100000000000000000011101000000000000000000000000000000000000000000000000000000000000000000000000000000000000000000000000000000000000000000000000000000000000000000000000000000000000000000000000000000000000000000
2EC8,FINIFPMINTTVFVNDGENVDLIVEYEAFPKPEHQQWIYMNRTFTDKWEDYPKSENESNIRYVSELHLTRLKGTEGGTYTFLVSNSDVNAAIAFNVYVNTKPEILTYDRLVNGMLQCVAAGFPEPTIDWYFCPGTEQRCSASVLPVDVQTLNSSGPPFGKLVVQSSIDSSAFKHNGTVECKAYNDVGKTSAYFNFAFKGNNKEQIHPHHHHHHMRGARGAWDFLCVLLLLLRVQT,0000011111011111001111010100000000000000000000010101111100000100010101100000000000000000000000000000000000000000000000000000000000000000000000000000000000000000000000000000000000000000001000000000000000000000000000000000000000000000000
6ICC,"KGSPADQVGIKPGDLILEVNGKKINTWYELVEEVRKSQGKAIKLKILRNGKMIEKELIPAKDPKTGTYFIGLFPKTE>6ICC_2|Chain B[auth H]|Heavy chain of antigen binding fragment, Fab of NZ-1|Rattus norvegicus (10116)EVQLVESGGGLVQPGRSLKLSCAASGFTFSNYGMAWVRQTPTKGLEWIASISAGGD",0000011010000000000000000000000000000000000000000011001000100000000000000000000000001001010000001000000011000000000000000000000000011001000100000000000000000000000001111111100001100000000000000000000000000000000000000000000000000000000
3RKC,SRPFSVLRANDVLWLSLTAAEYDQTTYGSSTNPMYVSDTVTFVNVATGAQGVSRSLDWSKVTLDGRPLTTIQQYSKTFFVLPLRGKLSFWEAGTTKAGYPYNYNTTASDQILIENAPGHRVCISTYTTNLGSGPVSISAVGVLAPHSA,0000011010000000000000000000000000000000000000000000000000000000000000010000001011110000000011100000000000000000001111111111000000001000000000000000000000000000000000000000000000000000000000000000000000000000000000000000000000000000000
3VTT,GSGMSYAMCLNTFVLKKEVSETQHGTILIKVEYKGEDAPCKIPFSTEDGQGKAHNGRLITANPVVTKKEEPVNIEAEPPFGESNIVIGIGDKALKINWYRKGSSIGK,0000011111111000000000010101000000000000000000000000000000000100000000000000000000000111111100000000000000000000000000000000000000000000000000000000000000000000000000000000000000000000000000000000000000000000000000000000000000000000000
6FFY,ATFQKYPVPFLVETLLFHPKEEDKVLAYTKDSKLYVSSDLGKKWTLLQERVTKDHVFWAVSGVDDDPNLVHVEAQDLSGGYRYYTCLIYNCSAQPHIAPFSGPIDRGSLTVQDEYIFLKATSTNRTKYYVSYRRSDFVLMKLPKYALPKDLQIISTDEQQVFVAVQEWNQVDTYNLYQSDLRGVRYSLVLENVRSSRQAEENVVIDILEVRGVKGVFLANQKVDGKVTTVITYNK,0000011111100010111010000000000000000000000000000101010000000000000000000000000000000000000000000000000111000000000000000000000000000000000000000000000000000000000000000000000000000000000000000000000000000000000000000000000000000000000
2KYH,EGHLAGLGLFRLVRLLRFLRILLIISRGSKFLSAIADAADKLVPRLRGLSDLGGRVRNIGDVMEHPLVELGVSYAALLSVIVVVVEYTMQLSGEYLVRLYLVDLILVIILWADYAYRAYKSGDPAGYVKKTLYEIPALVPAGLLALIEGHLAGLGLFRLVRLLRFLRILLIISRGSKFLSAIADAADKLVPR,0000010001111111011001000000000000000000000000000000000000000000000000000000000000000000000000000000000000000000000000000000000000000000000000000000000000000000000000000000000000000000000000000000000000000000000000000000000000000000000
3V6B,iens (9606)HQHGVVYITENKNKTVVIPCLGSISNLNVSLCARYPEKRFVPDGNRISWDSKKGFTIPSYMISYAGMVFCEAKINDESYQSIMYIVVVVGYRIYDVVLSPSHGIELSVGEKLVLNCTARTELNVGIDFNWEYPSSKHQHKKLVNRDLKTQSGSEMKKFLSTLTIDGVTRSDQGLYTCAASSGLMTKKNSTFVRVHEKPFVAFGSGMESLVEATVGERVRIPAKY,0000011100000000000000000000000000001000111010100000000000000000000000000000000000000000000001011111111000000000000000000000000000000000000000000000000000000000000000000000000000000000000000000000000000000000000000000000000000000000000
1FYH,"RKIMQSQIVSFYFKLFKNFKDDQSIQKSVETIKEDMNVKFFNSNKKKRDDFEKLTNYSVTDLNVQRKAIDELIQVMAELGANVSGEFVKEAENLKKYFNAGHSDVADNGTLFLGILKNWKEESDRKIMQSQIVSFYFKLFKNFKDDQSIQKSVETIKEDMNVKFFNSNKKKRDDFEKLTNYSVTDLNVQRKAIHELIQVMAELSPAAKTGKRKRSQ>1FYH_2|Chains B, D",0000010111111110000000000000000000101100101000000000000010000000000000000000000000000000000000000000000000000000000000000000000000000000000000000000000000000000000000000000000000000000000000000000000000000000000000000000000000000000000
4ZIH,Chain A|Apoptosis regulator BAX|Homo sapiens (9606)MDGSGEQPRGGGPTSSEQIMKTGALLLQGFIQDRAGRMGGEAPELALDPVPQDASTKKLSESLKRIGDELDSNMELQRMIAAVDTDSPREVFFRVAADMFSDGNFNWGRVVALFYFASKLVLKALSTKVPELIRTIMGWTLDFLRERLLGWIQDQGGWDGLLSYGSSMDGSGEQPRGGGPTSSE,0000011111000000000011111000000000000000000000000000000000000000000000000000000000000000000001111110000000000000000000000000000000000000000000000000000000000000000000000000000000000000000000000000000000000000000000000000000000000000000
6F8P,KLKTKMKGVCEVGVQALKKCDGQLSTAHEVVPFAVFKNSKKVYLDKLDLKTEENLLPDSFVCFEHKGQYKGTMDSGQTKRELKSFDISQCPKIGGHGSKKCTGDAAFCSAYECTAQYANAYCSHANGSGIVQIQVSGVWKKPLCVGYERVVVKRELSEDPHLRNRPGKGHNYIDGMTQEDATCKPVTYAGACSSFDVLLEKGKFPLFQSYAHHRTLLEAVHDTIIAKADPPSCDL,0000010100000011011001100000000000000000000000000000000000000000000000000000000000000000000000000000000000000000001100000000000000001101000000000000000000000000000000000000000000000000000000000000000000000000000000000000000000000000000
2B4J,"GSHMHGQVDCSPGIWQLDCTHLEGKVILVAVHVASGYIEAEVIPAETGQETAYFLLKLAGRWPVKTVHTDNGSNFTSTTVKAACWWAGIKQEFGIPYNPQSQGVIESMNKELKKIIGQVRDQAEHLKTAVQMAVFIHNKKRKGGIGGYSAGERIVDIIATDIQTKE>2B4J_2|Chains C, D|PC4 and SFRS1 interacting protein|Homo sapiens (9",0000010011111100000000000000000000000000000010011011110000000000000000000000000000000000000000000000000000000000000000000000000000000000000000000000000000000000000000000000000000000000000000000000000000000000000000000000000000000000000
1TFX,GYTCAANSIPYQVSLNSGSHFCGGSLINSQWVVSAAHCYKSRIQVRLGEHNIDVLEGNEQFINAAKIITHPNFNGNTLDNDIMLIKLSSPATLNSRVATVSLPRSCAAAGTECLISGWGNTKSSGSSYPSLLQCLKAPVLSDSSCKSSYPGQITGNMICVGFLEGGKDSCQGDSGGPVVCNGQLQGIVSWGYGCAQKNKPGVYTKVCNYVNWIQQTIAAN>1TFX_2|Chains ,0000011110001011101101011011111100000010000111100000000000000000000000000000000000000000000000000000000000000000000000000000000000000000000000000000000000000000000000000000000000000000000000000000000000000000000000000000000000000000000
1M6B,VLVAMNEFSTLPLPNLRVVRGTQVYDGKFAIFVMLNYNTNSSHALRQLRLTQLTEILSGGVYIEKNDKLCHMDTIDWRDIVRDRDAEIVVKDNGRSCPPCHEVCKGRCWGPGSEDCQTLTKTICAPQCNGHCFGPNPNQCCHDECAGGCSGPQDTDCFACRHFNDSGACVPRCPQPLVYNKLTFQLEPNPHTKYQYGGVCVASCPHNFVVDQTSCVRACPPDKMEVDKNGLKMCE,0000010000000000000000000010010010110101000000000000000000000010010100000000001000000011111110010000000000000000000000000000000000000000000000000000000000000000000000000000000000000000000000000000000000000000000000000000000000000000000
3LES,LKRYLHIAREGEAARQHLIEANLRLVVSIAKKYTGRGLSFLDLIQEGNQGLIRAVEKFEYKRGFAFSTYATWWIRQAINRAIADQARSDPVRQYLHEIGEVLELDKWAELGAAAKVEEGMEAIKKLSEATGLDQELIREVVRAKILGTAAIQKIPGLKEKPDPKTVEEVDGKLKSLPKELKRYLHIAREGEAARQHLIEANLRLVVSIAKKYTGRGLSFLDLIQEGNQGLIRAVE,0000010010000001111111001000100000000000000000000000000000000000000000000000000000000000000000000000000000000000000000001001000000000000000000000000000010000000000000000000000000000000000000000000000000000000000000000000000000000000000
5NIU,KNIIQFVHGEEDLKVQHSSYRQRARLLKDQLSLGNAALQITDVKLQDAGVYRCMISYGGADYKRITVKVNAPYAAALEHHHHHHAFTVTVPKDLYVVEYGSNMTIECKFPVEKQLDLAALIVYWEMEDKNIIQFVHGEEDLKVQHSSYRQRARLLKDQLSLGNAALQITDVKLQDAGVYRCMISYGGADYKRITVKVNAPYAAALEHHHHHH,0000010110101000000000101100000000000000000000000000000000000000000000010101110000000000000000000000000000000000000000000000000000000000000000000000000000000000000000000000000000000000000000000000000000000000000000000000000000000000000
1DJS,SKYGPDGLPYLKVLKAAGVNTTDKEIEVLYIRNVTFEDAGEYTCLAGNSIGISFHSAWLTVLPA>1DJS_2|Chain B|PROTEIN (FIBROBLAST GROWTH FACTOR 1)|Homo sapiens (9606)GNYKKPKLLYCSNGGHFLRILPDGTVDGTRDRSDQHIQLQLSAESVGEVYIKSTETGQYLAMDTDGLLYGSQTPNEECLFLERLEENHYNTYISKKHAE,0000011001001011001111111010100000000000000000000000000010100100010100000000000000000000000010000001000000000000000000000000000000000000000000000000000000000000000000000000000000000000000000000000000000000000000000000000000000000000000
3HX4,AQAALLYMGSKLTSQDETKELTAIFHKMDKNGDGQLDRAELIEGYKELMRMKGQDASMLDASAVEHEVDQVLDAVDFDKNGYIEYSEFVTVAMDRKTLLSRERLERAFRMFDSDNSGKISSTELATIFGVSDVDSETWKSVLSEVDKNNDGEVDFDEFQQMLLKLCGNGMGQQESTLGGAAGEPRSRGHAAGTSGGPGDHLHATPGMFVQHSTAIFSDRYKGQRVLGKGSFGEVI,0000011001100000010001000100000111000000000000000000000000000000000000000000110000011010000000000000000000000000000000000000000100000000000000000000000000000000000000000000000000000000000000000000000000000000000000000000000000000000000
2XJY,KLGRKLCRRDYLRLFGQDGLCASCDKRIRAYEMTMRVKDKVYHLECFKCAACQKHFCVGDRYLLINSDIVCEQDIYEWTKING>2XJY_2|Chain B|LIM DOMAIN-BINDING PROTEIN 1|HOMO SAPIENS (9606)VPDVMVVGEPTLMGGEFGDEDERLITRLENTQFDASLLTCGGCQQNIGDRYFLKAIDQYWHEDCLSCDLCGCRLGEVGRRLYYKLGRK,0000010010011111000000000000000011110010000000000000000011111100001001001000000011111101000000000000000000000000000000000000000000000000000000000000000000000000000000000000000000000000000000000000000000000000000000000000000000000000000
1Z2C,"VIVGDGACGKTCLLIVNSKDQFPEVYVPTVFENYIADIEVDGKQVELALWDTAGQEDYDRLRPLSYPDTDVILMCFSIDSPDSLENIPEKWTPEVKHFCPNVPIILVGNKKDLRQDEHTRRELAKMKQEPVRSEEGRDMANRISAFGYLECSAKTKEGVREVFEMATRAGLQVRKNKRRRGCPIL>1Z2C_2|Chains B, D|Diaphanous protein homolog 1|M",0000011110000000000000000110100000000000000000000000000111000000000000000000010110010000000000000000000000000010010000110011011110000000000000000000000000000000000000000000000000000000000000000000000000000000000000000000000000000000000
